{"_step":19,"mean_loss":7.6966854352407506,"_timestamp":1.7280352469000905e+09,"test_CI":0.5228724041904254,"test_MSE":0.3173905909061432,"_wandb":{"runtime":268},"_runtime":265.809143089}